Sample_hash;River_short;FI_ID;Location_in_river;Hybrid_bool;Other_info
Bla_F172329_P5;Bla;F172329;P5;FALSE;NA
Bla_F172330_P7;Bla;F172330;P7;FALSE;NA
Bla_F172332_L9;Bla;F172332;L9;FALSE;NA
Bla_F172334_L13;Bla;F172334;L13;FALSE;NA
Bla_F172335_L15;Bla;F172335;L15;FALSE;NA
Bla_F172337_N9;Bla;F172337;N9;FALSE;NA
Bla_F172345_N11;Bla;F172345;N11;FALSE;NA
Bla_F172347_N13;Bla;F172347;N13;FALSE;NA
Bla_F172350_N17;Bla;F172350;N17;FALSE;NA
Bla_F172831_J13;Bla;F172831;J13;FALSE;NA
Bla_F172832_J15;Bla;F172832;J15;FALSE;NA
Bla_F172833_J19;Bla;F172833;J19;FALSE;NA
Bla_F172834_J17;Bla;F172834;J17;FALSE;NA
Bla_F172837_J21;Bla;F172837;J21;FALSE;NA
Bla_F172838_J23;Bla;F172838;J23;FALSE;NA
Bla_F172839_L1;Bla;F172839;L1;FALSE;NA
Bla_F172840_L3;Bla;F172840;L3;FALSE;NA
Bla_F172841_L5;Bla;F172841;L5;FALSE;NA
Bla_F172842_L7;Bla;F172842;L7;FALSE;NA
Bla_F172846_P11;Bla;F172846;P11;FALSE;NA
Bla_F172849_P13;Bla;F172849;P13;FALSE;NA
Bla_F172850_P15;Bla;F172850;P15;FALSE;NA
Bla_F172852_P17;Bla;F172852;P17;FALSE;NA
Bla_F172854_P19;Bla;F172854;P19;FALSE;NA
Bla_F172859_P23;Bla;F172859;P23;FALSE;NA
Bla_F172861_L17;Bla;F172861;L17;FALSE;NA
Bla_F172862_L19;Bla;F172862;L19;FALSE;NA
Bla_F172863_L21;Bla;F172863;L21;FALSE;NA
Bla_F172868_L23;Bla;F172868;L23;FALSE;NA
Bla_F172880_N1;Bla;F172880;N1;FALSE;NA
Bla_F172887_N3;Bla;F172887;N3;FALSE;NA
Bla_F172888_N5;Bla;F172888;N5;FALSE;NA
Bla_F172890_N7;Bla;F172890;N7;FALSE;NA
Bla_F172897_N19;Bla;F172897;N19;FALSE;NA
Bla_F172900_N21;Bla;F172900;N21;FALSE;NA
Bla_F172905_N23;Bla;F172905;N23;FALSE;NA
Bla_F172909_P3;Bla;F172909;P3;FALSE;NA
Bre_F171449_D1;Bre;F171449;D1;FALSE;NA
Bre_F171451_D3;Bre;F171451;D3;FALSE;NA
Bre_F171458_D5;Bre;F171458;D5;FALSE;NA
Bre_F171459_D7;Bre;F171459;D7;FALSE;NA
Bre_F171463_D9;Bre;F171463;D9;FALSE;NA
Bre_F171465_D11;Bre;F171465;D11;FALSE;NA
Bre_F171466_D13;Bre;F171466;D13;FALSE;NA
Bre_F171468_D15;Bre;F171468;D15;FALSE;NA
Bre_F171476_D17;Bre;F171476;D17;FALSE;NA
Bre_F171478_D19;Bre;F171478;D19;FALSE;NA
Bre_F171484_D23;Bre;F171484;D23;FALSE;NA
Bre_F171486_F1;Bre;F171486;F1;FALSE;NA
Bre_F171487_F3;Bre;F171487;F3;FALSE;NA
Bre_F171488_F5;Bre;F171488;F5;FALSE;NA
Bre_F171492_F7;Bre;F171492;F7;FALSE;NA
Bre_F171498_F11;Bre;F171498;F11;FALSE;NA
Bre_F171499_F13;Bre;F171499;F13;FALSE;NA
Bre_F171592_F15;Bre;F171592;F15;FALSE;NA
Bre_F171593_F17;Bre;F171593;F17;FALSE;NA
Bre_F171594_F19;Bre;F171594;F19;FALSE;NA
Bre_F171603_F21;Bre;F171603;F21;FALSE;NA
Bre_F171604_F23;Bre;F171604;F23;FALSE;NA
Bre_F171605_H1;Bre;F171605;H1;FALSE;NA
Bre_F171606_H3;Bre;F171606;H3;FALSE;NA
Bre_F171612_H5;Bre;F171612;H5;FALSE;NA
Bre_F171613_H7;Bre;F171613;H7;FALSE;NA
Bre_F171618_H9;Bre;F171618;H9;FALSE;NA
Bre_F171619_H11;Bre;F171619;H11;FALSE;NA
Bre_F171620_H13;Bre;F171620;H13;FALSE;NA
Bre_F171622_H17;Bre;F171622;H17;FALSE;NA
Bre_F171624_H21;Bre;F171624;H21;FALSE;NA
Bre_F171631_H23;Bre;F171631;H23;FALSE;NA
Bre_F171634_J5;Bre;F171634;J5;FALSE;NA
Bre_F171636_J9;Bre;F171636;J9;FALSE;NA
Bre_F171637_J11;Bre;F171637;J11;FALSE;NA
Ell_F171848_E14;Ell;F171848;E14;FALSE;NA
Ell_F171849_E16;Ell;F171849;E16;FALSE;NA
Ell_F171852_G22;Ell;F171852;G22;FALSE;NA
Ell_F171853_E22;Ell;F171853;E22;FALSE;NA
Ell_F171854_E24;Ell;F171854;E24;FALSE;NA
Ell_F171855_G2;Ell;F171855;G2;FALSE;NA
Ell_F171856_G4;Ell;F171856;G4;FALSE;NA
Ell_F171858_G6;Ell;F171858;G6;FALSE;NA
Ell_F171861_G8;Ell;F171861;G8;FALSE;NA
Ell_F171863_G12;Ell;F171863;G12;FALSE;NA
Ell_F171868_G14;Ell;F171868;G14;FALSE;NA
Ell_F171990_G16;Ell;F171990;G16;FALSE;NA
Ell_F171992_G20;Ell;F171992;G20;FALSE;NA
Ell_F171994_G24;Ell;F171994;G24;FALSE;NA
Ell_F171995_I2;Ell;F171995;I2;FALSE;NA
Ell_F171996_I4;Ell;F171996;I4;FALSE;NA
Ell_F171997_I6;Ell;F171997;I6;FALSE;NA
Ell_F171998_I8;Ell;F171998;I8;FALSE;NA
Ell_F172911_I12;Ell;F172911;I12;FALSE;NA
Ell_F172912_I14;Ell;F172912;I14;FALSE;NA
Ell_F172914_I18;Ell;F172914;I18;FALSE;NA
Ell_F172916_I22;Ell;F172916;I22;FALSE;NA
Ell_F172919_I24;Ell;F172919;I24;FALSE;NA
Ell_F172920_K2;Ell;F172920;K2;FALSE;NA
Ell_F172921_K4;Ell;F172921;K4;FALSE;NA
Ell_F172922_K6;Ell;F172922;K6;FALSE;NA
Ell_F172924_K10;Ell;F172924;K10;FALSE;NA
Ell_F172925_K12;Ell;F172925;K12;FALSE;NA
Ell_F172927_K16;Ell;F172927;K16;FALSE;NA
Ell_F172929_K20;Ell;F172929;K20;FALSE;NA
Ell_F172931_K8;Ell;F172931;K8;FALSE;NA
Ell_F172933_K22;Ell;F172933;K22;FALSE;NA
Ell_F172935_K14;Ell;F172935;K14;FALSE;NA
Ell_F172936_K18;Ell;F172936;K18;FALSE;NA
Ell_F172938_K24;Ell;F172938;K24;FALSE;NA
Gri_F172226_M2;Gri;F172226;M2;FALSE;NA
Gri_F172227_M4;Gri;F172227;M4;FALSE;NA
Gri_F172228_M6;Gri;F172228;M6;FALSE;NA
Gri_F172229_M8;Gri;F172229;M8;FALSE;NA
Gri_F172230_M10;Gri;F172230;M10;FALSE;NA
Gri_F172231_M12;Gri;F172231;M12;FALSE;NA
Gri_F172234_M14;Gri;F172234;M14;FALSE;NA
Gri_F172237_M18;Gri;F172237;M18;FALSE;NA
Gri_F172238_M20;Gri;F172238;M20;FALSE;NA
Gri_F172242_M22;Gri;F172242;M22;FALSE;NA
Gri_F172243_M24;Gri;F172243;M24;FALSE;NA
Gri_F172245_O2;Gri;F172245;O2;FALSE;NA
Gri_F172246_O4;Gri;F172246;O4;FALSE;NA
Gri_F172247_O6;Gri;F172247;O6;FALSE;NA
Gri_F172249_O8;Gri;F172249;O8;FALSE;NA
Gri_F172250_O10;Gri;F172250;O10;FALSE;NA
Gri_F172251_O12;Gri;F172251;O12;FALSE;NA
Gri_F172252_O14;Gri;F172252;O14;FALSE;NA
Gri_F172253_O16;Gri;F172253;O16;FALSE;NA
Gri_F172255_O18;Gri;F172255;O18;FALSE;NA
Gri_F172266_O20;Gri;F172266;O20;FALSE;NA
Gri_F172269_O24;Gri;F172269;O24;FALSE;NA
Gri_F172270_B1;Gri;F172270;B1;FALSE;NA
Gri_F172271_B3;Gri;F172271;B3;FALSE;NA
Gri_F172272_B5;Gri;F172272;B5;FALSE;NA
Gri_F172274_B7;Gri;F172274;B7;FALSE;NA
Gri_F172275_B9;Gri;F172275;B9;FALSE;NA
Gri_F172278_B11;Gri;F172278;B11;FALSE;NA
Gri_F172279_B13;Gri;F172279;B13;FALSE;NA
Gri_F172280_B15;Gri;F172280;B15;FALSE;NA
Gri_F172281_B17;Gri;F172281;B17;FALSE;NA
Gri_F172282_B19;Gri;F172282;B19;FALSE;NA
Gri_F172284_B23;Gri;F172284;B23;FALSE;NA
Gri_F172285_D1;Gri;F172285;D1;FALSE;NA
Gri_F172301_D3;Gri;F172301;D3;FALSE;NA
Gri_F172302_D5;Gri;F172302;D5;FALSE;NA
Gri_F172304_D7;Gri;F172304;D7;FALSE;NA
Gri_F172307_D9;Gri;F172307;D9;FALSE;NA
Gri_F172308_D11;Gri;F172308;D11;FALSE;NA
Haf_F171334_B2;Haf;F171334;B2;FALSE;NA
Haf_F171335_B4;Haf;F171335;B4;FALSE;NA
Haf_F171336_B6;Haf;F171336;B6;FALSE;NA
Haf_F171337_B8;Haf;F171337;B8;FALSE;NA
Haf_F171338_B10;Haf;F171338;B10;FALSE;NA
Haf_F171339_B12;Haf;F171339;B12;FALSE;NA
Haf_F171353_D2;Haf;F171353;D2;FALSE;NA
Haf_F171357_B14;Haf;F171357;B14;FALSE;NA
Haf_F171358_B16;Haf;F171358;B16;FALSE;NA
Haf_F171360_B20;Haf;F171360;B20;FALSE;NA
Haf_F171370_D12;Haf;F171370;D12;FALSE;NA
Haf_F171372_D4;Haf;F171372;D4;FALSE;NA
Haf_F171374_D6;Haf;F171374;D6;FALSE;NA
Haf_F171375_D8;Haf;F171375;D8;FALSE;NA
Haf_F171376_D22;Haf;F171376;D22;FALSE;NA
Haf_F171383_D14;Haf;F171383;D14;FALSE;NA
Haf_F171384_D16;Haf;F171384;D16;FALSE;NA
Haf_F171386_D20;Haf;F171386;D20;FALSE;NA
Haf_F171389_F12;Haf;F171389;F12;FALSE;NA
Haf_F171391_F2;Haf;F171391;F2;FALSE;NA
Haf_F171392_F4;Haf;F171392;F4;FALSE;NA
Haf_F171395_F6;Haf;F171395;F6;FALSE;NA
Haf_F171396_F8;Haf;F171396;F8;FALSE;NA
Haf_F171397_F10;Haf;F171397;F10;FALSE;NA
Haf_F171399_F14;Haf;F171399;F14;FALSE;NA
Haf_F171400_F16;Haf;F171400;F16;FALSE;NA
Haf_F171401_F18;Haf;F171401;F18;FALSE;NA
Haf_F171402_F20;Haf;F171402;F20;FALSE;NA
Haf_F171406_F22;Haf;F171406;F22;FALSE;NA
Haf_F171423_H2;Haf;F171423;H2;FALSE;NA
Haf_F171424_H4;Haf;F171424;H4;FALSE;NA
Haf_F171427_H10;Haf;F171427;H10;FALSE;NA
Hof_F171246_K14;Hof;F171246;K14;FALSE;NA
Hof_F171253_K16;Hof;F171253;K16;FALSE;NA
Hof_F171258_K20;Hof;F171258;K20;FALSE;NA
Hof_F171259_K22;Hof;F171259;K22;FALSE;NA
Hof_F171264_M2;Hof;F171264;M2;FALSE;NA
Hof_F171271_M4;Hof;F171271;M4;FALSE;NA
Hof_F171274_M6;Hof;F171274;M6;FALSE;NA
Hof_F171275_M8;Hof;F171275;M8;FALSE;NA
Hof_F171276_M10;Hof;F171276;M10;FALSE;NA
Hof_F171277_M12;Hof;F171277;M12;FALSE;NA
Hof_F171279_M14;Hof;F171279;M14;FALSE;NA
Hof_F171280_M16;Hof;F171280;M16;FALSE;NA
Hof_F171288_O2;Hof;F171288;O2;FALSE;NA
Hof_F171289_O4;Hof;F171289;O4;FALSE;NA
Hof_F171293_O6;Hof;F171293;O6;FALSE;NA
Hof_F171296_O8;Hof;F171296;O8;FALSE;NA
Hof_F171300_O12;Hof;F171300;O12;FALSE;NA
Hof_F171307_O16;Hof;F171307;O16;FALSE;NA
Hof_F171308_O18;Hof;F171308;O18;FALSE;NA
Hof_F171309_O20;Hof;F171309;O20;FALSE;NA
Hof_F171316_B5;Hof;F171316;B5;FALSE;NA
Hof_F171324_B9;Hof;F171324;B9;FALSE;NA
Hof_F171325_B11;Hof;F171325;B11;FALSE;NA
Hof_F171328_B13;Hof;F171328;B13;FALSE;NA
Hof_F171329_B15;Hof;F171329;B15;FALSE;NA
Hof_F171330_B17;Hof;F171330;B17;FALSE;NA
Hof_F171331_B19;Hof;F171331;B19;FALSE;NA
Hof_F171332_B21;Hof;F171332;B21;FALSE;NA
Hof_F171333_B23;Hof;F171333;B23;FALSE;NA
Hvi_17001_O1;Hvi;FI17001;O1;FALSE;NA
Hvi_17002_O3;Hvi;FI17002;O3;FALSE;NA
Hvi_17003_O5;Hvi;FI17003;O5;FALSE;NA
Hvi_17004_O7;Hvi;FI17004;O7;FALSE;NA
Hvi_17005_O9;Hvi;FI17005;O9;FALSE;NA
Hvi_17006_O11;Hvi;FI17006;O11;FALSE;NA
Hvi_17007_O13;Hvi;FI17007;O13;FALSE;NA
Hvi_17008_O15;Hvi;FI17008;O15;FALSE;NA
Hvi_17009_O17;Hvi;FI17009;O17;FALSE;NA
Hvi_17010_O19;Hvi;FI17010;O19;FALSE;NA
Hvi_17011_O21;Hvi;FI17011;O21;FALSE;NA
Hvi_17012_O23;Hvi;FI17012;O23;FALSE;NA
Hvi_17014_A2;Hvi;FI17014;A2;FALSE;NA
Hvi_17015_A4;Hvi;FI17015;A4;FALSE;NA
Hvi_17021_A14;Hvi;FI17021;A14;FALSE;NA
Hvi_17022_A16;Hvi;FI17022;A16;FALSE;NA
Hvi_17026_A22;Hvi;FI17026;A22;FALSE;NA
Hvi_17028_C2;Hvi;FI17028;C2;FALSE;NA
Hvi_17035_C8;Hvi;FI17035;C8;FALSE;NA
Hvi_17040_C10;Hvi;FI17040;C10;FALSE;NA
Hvi_17043_C16;Hvi;FI17043;C16;FALSE;NA
Hvi_17044_C18;Hvi;FI17044;C18;FALSE;NA
Hvi_17045_C20;Hvi;FI17045;C20;FALSE;NA
Hvi_17046_C22;Hvi;FI17046;C22;FALSE;NA
Hvi_17047_C24;Hvi;FI17047;C24;FALSE;NA
Hvi_17048_E2;Hvi;FI17048;E2;FALSE;NA
Hvi_17050_E4;Hvi;FI17050;E4;FALSE;NA
Hvi_17052_E6;Hvi;FI17052;E6;FALSE;NA
Hvi_17056_E8;Hvi;FI17056;E8;FALSE;NA
Hvi_17057_E10;Hvi;FI17057;E10;FALSE;NA
Hvi_17060_E12;Hvi;FI17060;E12;FALSE;NA
Hyb_BoTVF_21_2016_P2;Bot;NA;P2;TRUE;21_2016
KroF172679_D16;Kro;F172679;D16;FALSE;NA
KroF172703_P2;Kro;F172703;P2;FALSE;NA
Kro_F172671_J2;Kro;F172671;J2;FALSE;NA
Kro_F172672_J4;Kro;F172672;J4;FALSE;NA
Kro_F172675_J6;Kro;F172675;J6;FALSE;NA
Kro_F172676_J8;Kro;F172676;J8;FALSE;NA
Kro_F172683_J12;Kro;F172683;J12;FALSE;NA
Kro_F172688_J14;Kro;F172688;J14;FALSE;NA
Kro_F172689_J16;Kro;F172689;J16;FALSE;NA
Kro_F172690_J18;Kro;F172690;J18;FALSE;NA
Kro_F172691_J22;Kro;F172691;J22;FALSE;NA
Kro_F172692_J24;Kro;F172692;J24;FALSE;NA
Kro_F172693_J20;Kro;F172693;J20;FALSE;NA
Kro_F172700_L2;Kro;F172700;L2;FALSE;NA
Kro_F172706_L4;Kro;F172706;L4;FALSE;NA
Kro_F172707_L6;Kro;F172707;L6;FALSE;NA
Kro_F172708_L8;Kro;F172708;L8;FALSE;NA
Kro_F172709_L10;Kro;F172709;L10;FALSE;NA
Kro_F172711_L14;Kro;F172711;L14;FALSE;NA
Kro_F172714_L20;Kro;F172714;L20;FALSE;NA
Kro_F172715_L16;Kro;F172715;L16;FALSE;NA
Kro_F172723_L22;Kro;F172723;L22;FALSE;NA
Kro_F172725_N2;Kro;F172725;N2;FALSE;NA
Kro_F172726_N4;Kro;F172726;N4;FALSE;NA
Kro_F172727_N6;Kro;F172727;N6;FALSE;NA
Kro_F172731_N8;Kro;F172731;N8;FALSE;NA
Kro_F172732_N10;Kro;F172732;N10;FALSE;NA
Kro_F172738_N12;Kro;F172738;N12;FALSE;NA
Kro_F172743_N14;Kro;F172743;N14;FALSE;NA
Kro_F172744_N16;Kro;F172744;N16;FALSE;NA
Kro_F172745_N18;Kro;F172745;N18;FALSE;NA
Kro_F172748_N20;Kro;F172748;N20;FALSE;NA
Kro_F172749_N22;Kro;F172749;N22;FALSE;NA
Kro_F172757_N24;Kro;F172757;N24;FALSE;NA
Kro_F172802_P4;Kro;F172802;P4;FALSE;NA
Kro_F172803_P6;Kro;F172803;P6;FALSE;NA
Kro_F172804_P8;Kro;F172804;P8;FALSE;NA
Kro_F172805_P10;Kro;F172805;P10;FALSE;NA
Kro_F172807_P12;Kro;F172807;P12;FALSE;NA
Kro_F172808_L24;Kro;F172808;L24;FALSE;NA
LaA_17008_E10;LaA;FI17008;E10;FALSE;NA
LaA_17015_E14;LaA;FI17015;E14;FALSE;NA
LaA_17017_E16;LaA;FI17017;E16;FALSE;NA
LaA_17020_E18;LaA;FI17020;E18;FALSE;NA
LaA_17049_G2;LaA;FI17049;G2;FALSE;NA
LaA_17055_G6;LaA;FI17055;G6;FALSE;NA
LaA_17058_G10;LaA;FI17058;G10;FALSE;NA
LaA_17065_G12;LaA;FI17065;G12;FALSE;NA
LaA_17066_G14;LaA;FI17066;G14;FALSE;NA
LaA_17068_G16;LaA;FI17068;G16;FALSE;NA
LaA_17071_G18;LaA;FI17071;G18;FALSE;NA
LaA_17072_G20;LaA;FI17072;G20;FALSE;NA
LaA_17076_I4;LaA;FI17076;I4;FALSE;NA
LaA_17077_I6;LaA;FI17077;I6;FALSE;NA
LaA_17079_I8;LaA;FI17079;I8;FALSE;NA
LaA_17085_I12;LaA;FI17085;I12;FALSE;NA
LaA_17086_I14;LaA;FI17086;I14;FALSE;NA
LaA_17090_I20;LaA;FI17090;I20;FALSE;NA
LaA_17095_K4;LaA;FI17095;K4;FALSE;NA
LaA_17096_K6;LaA;FI17096;K6;FALSE;NA
LaA_17097_K8;LaA;FI17097;K8;FALSE;NA
LaA_17099_K10;LaA;FI17099;K10;FALSE;NA
LaA_17100_K12;LaA;FI17100;K12;FALSE;NA
LaD_F172318_B14;LaD;F172318;B14;FALSE;NA
LaD_F172319_B16;LaD;F172319;B16;FALSE;NA
LaD_F172320_B18;LaD;F172320;B18;FALSE;NA
LaD_F172321_B20;LaD;F172321;B20;FALSE;NA
LaD_F172323_B22;LaD;F172323;B22;FALSE;NA
LaD_F172324_B24;LaD;F172324;B24;FALSE;NA
LaD_F172353_H14;LaD;F172353;H14;FALSE;NA
LaD_F172354_H16;LaD;F172354;H16;FALSE;NA
LaD_F172356_H18;LaD;F172356;H18;FALSE;NA
LaD_F172357_D6;LaD;F172357;D6;FALSE;NA
LaD_F172358_D8;LaD;F172358;D8;FALSE;NA
LaD_F172359_D10;LaD;F172359;D10;FALSE;NA
LaD_F172365_D12;LaD;F172365;D12;FALSE;NA
LaD_F172370_D14;LaD;F172370;D14;FALSE;NA
LaD_F172372_D20;LaD;F172372;D20;FALSE;NA
LaD_F172373_D22;LaD;F172373;D22;FALSE;NA
LaD_F172376_D18;LaD;F172376;D18;FALSE;NA
LaD_F172380_D24;LaD;F172380;D24;FALSE;NA
LaD_F172381_F2;LaD;F172381;F2;FALSE;NA
LaD_F172384_F6;LaD;F172384;F6;FALSE;NA
LaD_F172385_F8;LaD;F172385;F8;FALSE;NA
LaD_F172387_F10;LaD;F172387;F10;FALSE;NA
LaD_F172390_D4;LaD;F172390;D4;FALSE;NA
LaD_F172392_F14;LaD;F172392;F14;FALSE;NA
LaD_F172393_F12;LaD;F172393;F12;FALSE;NA
LaD_F172395_F4;LaD;F172395;F4;FALSE;NA
LaD_F172397_F16;LaD;F172397;F16;FALSE;NA
LaD_F172403_F18;LaD;F172403;F18;FALSE;NA
LaD_F172404_F20;LaD;F172404;F20;FALSE;NA
LaD_F172405_F22;LaD;F172405;F22;FALSE;NA
LaD_F172408_F24;LaD;F172408;F24;FALSE;NA
LaD_F172409_H2;LaD;F172409;H2;FALSE;NA
LaD_F172410_H4;LaD;F172410;H4;FALSE;NA
LaD_F172413_H6;LaD;F172413;H6;FALSE;NA
LaD_F172415_D2;LaD;F172415;D2;FALSE;NA
LaD_F172419_H8;LaD;F172419;H8;FALSE;NA
LaD_F172432_G5;LaD;F172432;G5;FALSE;NA
LaD_F172819_H20;LaD;F172819;H20;FALSE;NA
LaD_F172827_H22;LaD;F172827;H22;FALSE;NA
LaD_F172828_H24;LaD;F172828;H24;FALSE;NA
Lad_F172431_G1;Lad;F172431;G1;FALSE;NA
Lad_F172433_G3;Lad;F172433;G3;FALSE;NA
Lad_F172436_G7;Lad;F172436;G7;FALSE;NA
Lad_F172438_G9;Lad;F172438;G9;FALSE;NA
Lad_F172444_G13;Lad;F172444;G13;FALSE;NA
Lad_F172445_G15;Lad;F172445;G15;FALSE;NA
Lad_F172446_G17;Lad;F172446;G17;FALSE;NA
Lad_F172447_G19;Lad;F172447;G19;FALSE;NA
Lad_F172449_G11;Lad;F172449;G11;FALSE;NA
Lad_F172451_G21;Lad;F172451;G21;FALSE;NA
Lad_F172452_G23;Lad;F172452;G23;FALSE;NA
Lad_F172455_I1;Lad;F172455;I1;FALSE;NA
Lad_F172462_I11;Lad;F172462;I11;FALSE;NA
Lad_F172464_I3;Lad;F172464;I3;FALSE;NA
Lad_F172465_I13;Lad;F172465;I13;FALSE;NA
Lad_F172476_I15;Lad;F172476;I15;FALSE;NA
Lad_F172480_I19;Lad;F172480;I19;FALSE;NA
Lad_F172481_I21;Lad;F172481;I21;FALSE;NA
Lad_F172490_K9;Lad;F172490;K9;FALSE;NA
Lad_F172496_K11;Lad;F172496;K11;FALSE;NA
Lad_F172498_K13;Lad;F172498;K13;FALSE;NA
Lad_F172499_K15;Lad;F172499;K15;FALSE;NA
Lad_F172507_K19;Lad;F172507;K19;FALSE;NA
Lad_F172509_K21;Lad;F172509;K21;FALSE;NA
Lad_F172510_K23;Lad;F172510;K23;FALSE;NA
Lad_F172514_M1;Lad;F172514;M1;FALSE;NA
Lad_F172518_M5;Lad;F172518;M5;FALSE;NA
Lad_F172519_M7;Lad;F172519;M7;FALSE;NA
Lad_F172521_M9;Lad;F172521;M9;FALSE;NA
Lad_F172524_M11;Lad;F172524;M11;FALSE;NA
Lad_F172527_M3;Lad;F172527;M3;FALSE;NA
Lad_V160421_K3;Lad;V160421;K3;FALSE;NA
Lad_V160455_K7;Lad;V160455;K7;FALSE;NA
Lan_F172075_N1;Lan;F172075;N1;FALSE;NA
Lan_F172076_L3;Lan;F172076;L3;FALSE;NA
Lan_F172077_L5;Lan;F172077;L5;FALSE;NA
Lan_F172084_L7;Lan;F172084;L7;FALSE;NA
Lan_F172089_L11;Lan;F172089;L11;FALSE;NA
Lan_F172091_L13;Lan;F172091;L13;FALSE;NA
Lan_F172097_L15;Lan;F172097;L15;FALSE;NA
Lan_F172100_L17;Lan;F172100;L17;FALSE;NA
Lan_F172101_L19;Lan;F172101;L19;FALSE;NA
Lan_F172108_L21;Lan;F172108;L21;FALSE;NA
Lan_F172119_N3;Lan;F172119;N3;FALSE;NA
Lan_F172121_N5;Lan;F172121;N5;FALSE;NA
Lan_F172122_N7;Lan;F172122;N7;FALSE;NA
Lan_F172123_N9;Lan;F172123;N9;FALSE;NA
Lan_F172129_N11;Lan;F172129;N11;FALSE;NA
Lan_F172130_N13;Lan;F172130;N13;FALSE;NA
Lan_F172133_N15;Lan;F172133;N15;FALSE;NA
Lan_F172134_N17;Lan;F172134;N17;FALSE;NA
Lan_F172139_N19;Lan;F172139;N19;FALSE;NA
Lan_F172140_N21;Lan;F172140;N21;FALSE;NA
Lan_F172143_P1;Lan;F172143;P1;FALSE;NA
Lan_F172148_P3;Lan;F172148;P3;FALSE;NA
Lan_F172153_P5;Lan;F172153;P5;FALSE;NA
Lan_F172154_P7;Lan;F172154;P7;FALSE;NA
Lan_F172161_P9;Lan;F172161;P9;FALSE;NA
Lan_F172162_P11;Lan;F172162;P11;FALSE;NA
Lan_F172163_P13;Lan;F172163;P13;FALSE;NA
Lan_F172164_P15;Lan;F172164;P15;FALSE;NA
Lan_F172165_P17;Lan;F172165;P17;FALSE;NA
Lan_F172170_P19;Lan;F172170;P19;FALSE;NA
Lan_F172176_P21;Lan;F172176;P21;FALSE;NA
Lan_F172177_P23;Lan;F172177;P23;FALSE;NA
Lan_F172181_B2;Lan;F172181;B2;FALSE;NA
Lan_F172182_B4;Lan;F172182;B4;FALSE;NA
Lan_F172186_B6;Lan;F172186;B6;FALSE;NA
Lan_F172187_B8;Lan;F172187;B8;FALSE;NA
Lan_F172192_B10;Lan;F172192;B10;FALSE;NA
Lan_F172193_B12;Lan;F172193;B12;FALSE;NA
Lau_F172549_P14;Lau;F172549;P14;FALSE;NA
Lau_F172550_P16;Lau;F172550;P16;FALSE;NA
Lau_F172551_P18;Lau;F172551;P18;FALSE;NA
Lau_F172553_P20;Lau;F172553;P20;FALSE;NA
Lau_F172555_P22;Lau;F172555;P22;FALSE;NA
Lau_F172557_P24;Lau;F172557;P24;FALSE;NA
Lau_F172574_A11;Lau;F172574;A11;FALSE;NA
Lau_F172575_A13;Lau;F172575;A13;FALSE;NA
Lau_F172576_A15;Lau;F172576;A15;FALSE;NA
Lau_F172577_A17;Lau;F172577;A17;FALSE;NA
Lau_F172578_A19;Lau;F172578;A19;FALSE;NA
Lau_F172580_A21;Lau;F172580;A21;FALSE;NA
Lau_F172607_C3;Lau;F172607;C3;FALSE;NA
Lau_F172608_C5;Lau;F172608;C5;FALSE;NA
Lau_F172631_A7;Lau;F172631;A7;FALSE;NA
Lau_F172632_C7;Lau;F172632;C7;FALSE;NA
Lau_F172638_C11;Lau;F172638;C11;FALSE;NA
Lau_F172643_C13;Lau;F172643;C13;FALSE;NA
Lau_F172645_C17;Lau;F172645;C17;FALSE;NA
Lau_F172647_C21;Lau;F172647;C21;FALSE;NA
Lau_F172649_E1;Lau;F172649;E1;FALSE;NA
Lau_F172650_E3;Lau;F172650;E3;FALSE;NA
Lau_F172651_E5;Lau;F172651;E5;FALSE;NA
Lau_F172653_E9;Lau;F172653;E9;FALSE;NA
Lau_V160394_E15;Lau;V160394;E15;FALSE;NA
Lau_V160408_E19;Lau;V160408;E19;FALSE;NA
Lau_V160409_E21;Lau;V160409;E21;FALSE;NA
Lau_V160410_E23;Lau;V160410;E23;FALSE;NA
Nor_F173027_D13;Nor;F173027;D13;FALSE;NA
Nor_F173028_D15;Nor;F173028;D15;FALSE;NA
Nor_F173029_D17;Nor;F173029;D17;FALSE;NA
Nor_F173033_D19;Nor;F173033;D19;FALSE;NA
Nor_F173034_D21;Nor;F173034;D21;FALSE;NA
Nor_F173035_D23;Nor;F173035;D23;FALSE;NA
Nor_F173036_F1;Nor;F173036;F1;FALSE;NA
Nor_F173037_F3;Nor;F173037;F3;FALSE;NA
Nor_F173041_F5;Nor;F173041;F5;FALSE;NA
Nor_F173042_F7;Nor;F173042;F7;FALSE;NA
Nor_F173043_F9;Nor;F173043;F9;FALSE;NA
Nor_F173044_F11;Nor;F173044;F11;FALSE;NA
Nor_F173045_F13;Nor;F173045;F13;FALSE;NA
Nor_F173046_F15;Nor;F173046;F15;FALSE;NA
Nor_F173048_F17;Nor;F173048;F17;FALSE;NA
Nor_F173049_F19;Nor;F173049;F19;FALSE;NA
Nor_F173051_F23;Nor;F173051;F23;FALSE;NA
Nor_F173054_H1;Nor;F173054;H1;FALSE;NA
Nor_F173055_H3;Nor;F173055;H3;FALSE;NA
Nor_F173056_H5;Nor;F173056;H5;FALSE;NA
Nor_F173057_H7;Nor;F173057;H7;FALSE;NA
Nor_F173058_H9;Nor;F173058;H9;FALSE;NA
Nor_F173062_H11;Nor;F173062;H11;FALSE;NA
Nor_F173063_H13;Nor;F173063;H13;FALSE;NA
Nor_F173064_H15;Nor;F173064;H15;FALSE;NA
Nor_F173065_H17;Nor;F173065;H17;FALSE;NA
Nor_F173066_H19;Nor;F173066;H19;FALSE;NA
Nor_F173067_H21;Nor;F173067;H21;FALSE;NA
Nor_F173068_H23;Nor;F173068;H23;FALSE;NA
Nor_F173071_J1;Nor;F173071;J1;FALSE;NA
Nor_F173072_J3;Nor;F173072;J3;FALSE;NA
Nor_F173073_J5;Nor;F173073;J5;FALSE;NA
Nor_F173074_J7;Nor;F173074;J7;FALSE;NA
Nor_F173075_J9;Nor;F173075;J9;FALSE;NA
Nor_F173092_J11;Nor;F173092;J11;FALSE;NA
Nor_F173093_J13;Nor;F173093;J13;FALSE;NA
Nor_F173096_J15;Nor;F173096;J15;FALSE;NA
Nor_F173100_J17;Nor;F173100;J17;FALSE;NA
Nor_F173101_J19;Nor;F173101;J19;FALSE;NA
Nor_F173102_J21;Nor;F173102;J21;FALSE;NA
Nor_F173104_J23;Nor;F173104;J23;FALSE;NA
Olf_17001_G13;Olf;FI17001;G13;FALSE;NA
Olf_17002_G15;Olf;FI17002;G15;FALSE;NA
Olf_17003_G17;Olf;FI17003;G17;FALSE;NA
Olf_17004_G19;Olf;FI17004;G19;FALSE;NA
Olf_17006_G23;Olf;FI17006;G23;FALSE;NA
Olf_17007_I1;Olf;FI17007;I1;FALSE;NA
Olf_17008_I3;Olf;FI17008;I3;FALSE;NA
Olf_17009_I5;Olf;FI17009;I5;FALSE;NA
Olf_17010_I7;Olf;FI17010;I7;FALSE;NA
Olf_17011_I9;Olf;FI17011;I9;FALSE;NA
Olf_17012_I11;Olf;FI17012;I11;FALSE;NA
Olf_17013_I13;Olf;FI17013;I13;FALSE;NA
Olf_17014_I15;Olf;FI17014;I15;FALSE;NA
Olf_17015_I17;Olf;FI17015;I17;FALSE;NA
Olf_17016_I19;Olf;FI17016;I19;FALSE;NA
Olf_17017_I21;Olf;FI17017;I21;FALSE;NA
Olf_17018_I23;Olf;FI17018;I23;FALSE;NA
Olf_17020_K3;Olf;FI17020;K3;FALSE;NA
Olf_17021_K5;Olf;FI17021;K5;FALSE;NA
Olf_17022_K7;Olf;FI17022;K7;FALSE;NA
Olf_17027_K15;Olf;FI17027;K15;FALSE;NA
Olf_17028_K17;Olf;FI17028;K17;FALSE;NA
Olf_17030_K21;Olf;FI17030;K21;FALSE;NA
Olf_17031_K1;Olf;FI17031;K1;FALSE;NA
Olf_17032_K23;Olf;FI17032;K23;FALSE;NA
Olf_17033_M1;Olf;FI17033;M1;FALSE;NA
Olf_17034_M3;Olf;FI17034;M3;FALSE;NA
Olf_17035_M5;Olf;FI17035;M5;FALSE;NA
Olf_17036_M7;Olf;FI17036;M7;FALSE;NA
Olf_17039_M9;Olf;FI17039;M9;FALSE;NA
Olf_17040_M11;Olf;FI17040;M11;FALSE;NA
Olf_17041_M13;Olf;FI17041;M13;FALSE;NA
Olf_17042_M15;Olf;FI17042;M15;FALSE;NA
Olf_17043_M17;Olf;FI17043;M17;FALSE;NA
Olf_17044_M19;Olf;FI17044;M19;FALSE;NA
Olf_17045_M21;Olf;FI17045;M21;FALSE;NA
Olf_17046_M23;Olf;FI17046;M23;FALSE;NA
Sun_14063_N4;Sun;FI14063;N4;FALSE;NA
Sun_14087_N6;Sun;FI14087;N6;FALSE;NA
Sun_14088_N8;Sun;FI14088;N8;FALSE;NA
Sun_14094_N14;Sun;FI14094;N14;FALSE;NA
Sun_14096_N16;Sun;FI14096;N16;FALSE;NA
Sun_14121_N18;Sun;FI14121;N18;FALSE;NA
Sun_14122_N20;Sun;FI14122;N20;FALSE;NA
Sun_14123_N22;Sun;FI14123;N22;FALSE;NA
Sun_VF_10_J20;Sun;10;J20;FALSE;NA
Sun_VF_114_H14;Sun;114;H14;FALSE;NA
Sun_VF_116_H18;Sun;116;H18;FALSE;NA
Sun_VF_117_H20;Sun;117;H20;FALSE;NA
Sun_VF_118_H22;Sun;118;H22;FALSE;NA
Sun_VF_11_J22;Sun;11;J22;FALSE;NA
Sun_VF_127_J2;Sun;127;J2;FALSE;NA
Sun_VF_131_J4;Sun;131;J4;FALSE;NA
Sun_VF_132_J6;Sun;132;J6;FALSE;NA
Sun_VF_137_J8;Sun;137;J8;FALSE;NA
Sun_VF_148_J14;Sun;148;J14;FALSE;NA
Sun_VF_26_L4;Sun;26;L4;FALSE;NA
Sun_VF_27_L6;Sun;27;L6;FALSE;NA
Sun_VF_35_L10;Sun;35;L10;FALSE;NA
Sun_VF_38_L14;Sun;38;L14;FALSE;NA
Sun_VF_41_L16;Sun;41;L16;FALSE;NA
Sun_VF_42_L18;Sun;42;L18;FALSE;NA
Sun_VF_43_L20;Sun;43;L20;FALSE;NA
Sun_VF_44_L22;Sun;44;L22;FALSE;NA
Sun_VF_46_L8;Sun;46;L8;FALSE;NA
Sun_VF_47_N2;Sun;47;N2;FALSE;NA
Sun_VF_7_J16;Sun;7;J16;FALSE;NA
Sun_VF_9_J18;Sun;9;J18;FALSE;NA
Thj_18001_E13;Thj;FI18001;E13;FALSE;NA
Thj_18003_G7;Thj;FI18003;G7;FALSE;NA
Thj_18004_G9;Thj;FI18004;G9;FALSE;NA
Thj_18006_G11;Thj;FI18006;G11;FALSE;NA
Thj_18010_E21;Thj;FI18010;E21;FALSE;NA
Thj_18011_E23;Thj;FI18011;E23;FALSE;NA
Thj_18012_G1;Thj;FI18012;G1;FALSE;NA
Thj_18014_G3;Thj;FI18014;G3;FALSE;NA
Thj_18015_G5;Thj;FI18015;G5;FALSE;NA
Thj_F181160_A3;Thj;F181160;A3;FALSE;NA
Thj_F181161_A5;Thj;F181161;A5;FALSE;NA
Thj_F181162_A7;Thj;F181162;A7;FALSE;NA
Thj_F181164_A11;Thj;F181164;A11;FALSE;NA
Thj_F181170_A17;Thj;F181170;A17;FALSE;NA
Thj_F181171_A13;Thj;F181171;A13;FALSE;NA
Thj_F181178_A15;Thj;F181178;A15;FALSE;NA
Thj_F181188_A19;Thj;F181188;A19;FALSE;NA
Thj_F181189_A9;Thj;F181189;A9;FALSE;NA
Thj_F181193_A21;Thj;F181193;A21;FALSE;NA
Thj_F181194_A23;Thj;F181194;A23;FALSE;NA
Thj_F181196_C1;Thj;F181196;C1;FALSE;NA
Thj_F181199_C3;Thj;F181199;C3;FALSE;NA
Thj_F181201_C9;Thj;F181201;C9;FALSE;NA
Thj_F181202_C5;Thj;F181202;C5;FALSE;NA
Thj_F181204_C7;Thj;F181204;C7;FALSE;NA
Thj_F181208_C11;Thj;F181208;C11;FALSE;NA
Thj_F181210_C13;Thj;F181210;C13;FALSE;NA
Thj_F181211_C15;Thj;F181211;C15;FALSE;NA
Thj_F181212_C17;Thj;F181212;C17;FALSE;NA
Thj_F181213_C19;Thj;F181213;C19;FALSE;NA
Thj_F181214_C21;Thj;F181214;C21;FALSE;NA
Thj_F181217_C23;Thj;F181217;C23;FALSE;NA
Thj_F181219_E1;Thj;F181219;E1;FALSE;NA
Thj_F181222_E3;Thj;F181222;E3;FALSE;NA
Thj_F181226_E5;Thj;F181226;E5;FALSE;NA
Thj_F181228_E7;Thj;F181228;E7;FALSE;NA
Thj_F181238_E9;Thj;F181238;E9;FALSE;NA
Thj_F181239_E11;Thj;F181239;E11;FALSE;NA
Vid_16002_M13;Vid;FI16002;M13;FALSE;NA
Vid_16004_M15;Vid;FI16004;M15;FALSE;NA
Vid_16010_M19;Vid;FI16010;M19;FALSE;NA
Vid_16014_M21;Vid;FI16014;M21;FALSE;NA
Vid_16016_M23;Vid;FI16016;M23;FALSE;NA
Vid_16020_O1;Vid;FI16020;O1;FALSE;NA
Vid_16025_O3;Vid;FI16025;O3;FALSE;NA
Vid_16027_O5;Vid;FI16027;O5;FALSE;NA
Vid_16030_O7;Vid;FI16030;O7;FALSE;NA
Vid_16031_O9;Vid;FI16031;O9;FALSE;NA
Vid_16032_O11;Vid;FI16032;O11;FALSE;NA
Vid_16035_O13;Vid;FI16035;O13;FALSE;NA
Vid_16036_O15;Vid;FI16036;O15;FALSE;NA
Vid_16038_O17;Vid;FI16038;O17;FALSE;NA
Vid_16041_O19;Vid;FI16041;O19;FALSE;NA
Vid_16042_O21;Vid;FI16042;O21;FALSE;NA
Vid_16043_O23;Vid;FI16043;O23;FALSE;NA
Vid_16057_A12;Vid;FI16057;A12;FALSE;NA
Vid_16074_C2;Vid;FI16074;C2;FALSE;NA
Vid_16079_C8;Vid;FI16079;C8;FALSE;NA
Vid_16081_C10;Vid;FI16081;C10;FALSE;NA
Vid_16085_C12;Vid;FI16085;C12;FALSE;NA
Vid_16089_C14;Vid;FI16089;C14;FALSE;NA
